Bewertungsdatum;Bankbeziehung;Portfolio;Produkt;Abschluss;Abschlusszeit;Buchung;Valuta;Beschreibung 1;Beschreibung 2;Beschreibung 3;Valor;ISIN;Whrg.;Anzahl/Betrag;Whrg.;Trans.-Preis;Devisenkurs;Bewertungswährung;Trans.-Wert;Marchzinsen;Real. Erfolg in %;Real. Erfolg;Auftrags-Nr.;Externe Referenz;Anlageklasse;Sub-Anlageklasse;Instrumentenkategorie
14.08.2026;0210 00012345;0210 00012345 R800;0210 00012345.S3;26.01.2026;;28.01.2026;28.01.2026;Kauf aus Emission;CSIF (CH) Equity Sample -P-;;1895681;CH0189956813;;0.415;CHF;2'410.55;;CHF;1000;;;;;R5P026AA10000001;Aktien;Stammaktien;Anlagefonds
14.08.2026;0210 00012345;0210 00012345 R800;0210 00012345.S3;26.01.2026;;29.01.2026;29.01.2026;Kauf aus Emission;iShares Core MSCI World Sample;;4642930;IE00B4L5Y983;;6.25;USD;80.15;0.884;USD;443;;;;;R5P026AA10000002;Aktien;Stammaktien;Anlagefonds
14.08.2026;0210 00012345;0210 00012345 R800;0210 00012345.S3;26.02.2026;;28.02.2026;28.02.2026;Kauf aus Emission;CSIF (CH) Bond Sample -P-;;3378243;CH0033782431;;1.842;CHF;542.85;;CHF;1000;;;;;R5P057AA10000003;Übrige;Anlagestrategiefonds;Anlagefonds
14.08.2026;0210 00012345;0210 00012345 R800;0210 00012345.S3;26.03.2026;;30.03.2026;30.03.2026;Kauf aus Emission;CSIF (CH) Bond Sample -P-;;3378243;CH0033782431;;2.5;CHF;200.10;;CHF;500;;;;;R5P085AA10000004;Übrige;Anlagestrategiefonds;Anlagefonds
14.08.2026;0210 00012345;0210 00012345 R800;0210 00012345.S3;26.03.2026;;30.03.2026;30.03.2026;Storno;Kauf aus Emission;CSIF (CH) Bond Sample -P-;3378243;CH0033782431;;-2.5;CHF;200.10;;CHF;-500;;;;;R5P085AA10000004;Übrige;Anlagestrategiefonds;Anlagefonds
14.08.2026;0210 00012345;0210 00012345 R800;0210 00012345.S3;26.03.2026;;29.03.2026;29.03.2026;Kauf aus Emission;CSIF (CH) Bond Sample -P-;;3378243;CH0033782431;;2.5;CHF;200.104;;CHF;500;;;;;R5P085AA10000004;Übrige;Anlagestrategiefonds;Anlagefonds
14.08.2026;0210 00012345;0210 00012345 R800;0210 00012345.S3;15.04.2026;;17.04.2026;17.04.2026;Verkauf;iShares Core MSCI World Sample;;4642930;IE00B4L5Y983;;3;USD;105.20;0.902;USD;316;;;;;R5P105AA10000005;Aktien;Stammaktien;Anlagefonds
14.08.2026;0210 00012345;0210 00012345 R800;0210 00012345.S3;25.04.2026;;25.04.2026;25.04.2026;Einzahlung;;;;;;500;CHF;0.000;1.0000;CHF;500;;;;;R5P115AA10000006;;;
Transaktionsliste: Positionsverändernd vom 01.01.2026 bis 14.08.2026;;;;;;;;;;;;;;;;;;;;;;;;;;;
